Model,Accuracy,Precision,Recall,F1 Score,CV Score
Logistic Regression,0.6348258706467662,0.6433860661607793,0.6348258706467662,0.63851572260882,0.5088966777441928
Random Forest,0.6457711442786069,0.6943378443775957,0.6457711442786069,0.6175534630231734,0.5352654508904274
Naive Bayes,0.6527363184079602,0.6196469730555145,0.6527363184079602,0.6357595415080765,0.5775458937823261
SVM,0.6497512437810945,0.6459565807327002,0.6497512437810945,0.6476147744289792,0.5198880085265098
