Model,Accuracy,Precision,Recall,F1 Score,CV Score
Logistic Regression,0.5422885572139303,0.5676384457970118,0.5422885572139303,0.5489042698371147,0.364460406167339
Random Forest,0.5343283582089552,0.6267662058384414,0.5343283582089552,0.4368543143632693,0.38963534900616503
Naive Bayes,0.5691542288557214,0.5502938306493462,0.5691542288557214,0.5315719828071286,0.423563405838604
SVM,0.56318407960199,0.562425515549678,0.56318407960199,0.5620020585056391,0.3835926893838795
